time,veh_id,type_id,vclass,lane_id,route_id,x,y,speed,angle
1.0,hdv_3_0,vehicle.audi.a2,passenger,-2_3,highway_route,78.99433749028394,12.913401771089855,28.0,79.31758019472622
1.05,hdv_3_0,vehicle.audi.a2,passenger,-2_3,highway_route,80.37432183358582,13.17371400394766,28.078983435753035,79.31758019472622
1.1,hdv_3_0,vehicle.audi.a2,passenger,-2_3,highway_route,81.76014592496772,13.435127812971466,28.19780666038161,79.31758019472622
1.15,hdv_3_0,vehicle.audi.a2,passenger,-2_3,highway_route,83.14993108122928,13.697288814272001,28.278403716199097,79.31758019472618
1.2,hdv_3_0,vehicle.audi.a2,passenger,-2_3,highway_route,84.54524351285669,13.960492448700283,28.390868958428033,79.31758019472623
1.25,hdv_3_0,vehicle.audi.a2,passenger,-2_3,highway_route,85.94599088371677,14.22472129850436,28.501455407781755,79.31758019472622
1.3,hdv_3_0,vehicle.audi.a2,passenger,-2_3,highway_route,87.35200985004579,14.48994455146518,28.608718249255322,79.31758019472622
1.35,hdv_3_0,vehicle.audi.a2,passenger,-2_3,highway_route,88.76185849737954,14.755890213211519,28.686641995287495,79.31758019472616
1.4,hdv_3_0,vehicle.audi.a2,passenger,-2_3,highway_route,90.17590736714388,15.022628180526183,28.772105266394785,79.31758019472622
1.45,hdv_3_0,vehicle.audi.a2,passenger,-2_3,highway_route,91.5932096151459,15.289979846219019,28.838302795438786,79.31758019472623
1.5,hdv_3_0,vehicle.audi.a2,passenger,-2_3,highway_route,93.016060180978,15.558378114367867,28.951196195428484,79.31758019472619
1.55,hdv_3_0,vehicle.audi.a2,passenger,-2_3,highway_route,94.44311060605295,15.827568619575413,29.03665207663783,79.31758019472622
1.6,hdv_3_0,vehicle.audi.a2,passenger,-2_3,highway_route,95.87623847776744,16.0979055390249,29.16031182999023,79.3175801947262
1.65,hdv_3_0,vehicle.audi.a2,passenger,-2_3,highway_route,97.31285970357172,16.36890142450374,29.23139222456025,79.31758019472622
1.7,hdv_3_0,vehicle.audi.a2,passenger,-2_3,highway_route,98.75291201992482,16.640544530979135,29.30120572292012,79.31758019472619
1.75,hdv_3_0,vehicle.audi.a2,passenger,-2_3,highway_route,100.1977996885611,16.913099750230007,29.399592184566416,79.31758019472622
1.8,hdv_3_0,vehicle.audi.a2,passenger,-2_3,highway_route,101.64728976703502,17.186523141346147,29.493238891663484,79.31758019472626
1.85,hdv_3_0,vehicle.audi.a2,passenger,-2_3,highway_route,103.10087347423668,17.460718730813507,29.57653326655737,79.31758019472626
1.9,hdv_3_0,vehicle.audi.a2,passenger,-2_3,highway_route,104.56042009009602,17.73603912874304,29.697862478906742,79.3175801947262
1.95,hdv_3_0,vehicle.audi.a2,passenger,-2_3,highway_route,106.02382033454572,18.012086452791575,29.776273494134646,79.31758019472622
2.0,hdv_3_0,vehicle.audi.a2,passenger,-2_3,highway_route,107.49302301845456,18.28922831532452,29.894337588304175,79.31758019472626
2.05,hdv_3_0,vehicle.audi.a2,passenger,-2_3,highway_route,108.96592852016191,18.567068655904464,29.969680008045383,79.31758019472626
2.1,hdv_3_0,vehicle.audi.a2,passenger,-2_3,highway_route,110.44229010201553,18.845560931373512,30.040001977748457,79.3175801947262
2.15,hdv_3_0,vehicle.audi.a2,passenger,-2_3,highway_route,111.92321499530217,19.124914003411824,30.13285313708357,79.31758019472622
2.2,hdv_3_0,vehicle.audi.a2,passenger,-2_3,highway_route,113.41018302119551,19.405407016892177,30.255814691819232,79.31758019472626
2.25,hdv_3_0,vehicle.audi.a2,passenger,-2_3,highway_route,114.90269521333545,19.68694584969795,30.36862361820995,79.31758019472622
2.3,hdv_3_0,vehicle.audi.a2,passenger,-2_3,highway_route,116.3988927604113,19.96917986645772,30.443610715492376,79.3175801947262
2.35,hdv_3_0,vehicle.audi.a2,passenger,-2_3,highway_route,117.90042269707845,20.252419754224444,30.552110554446678,79.31758019472625
2.4,hdv_3_0,vehicle.audi.a2,passenger,-2_3,highway_route,119.40775844635604,20.536754816767257,30.670243283206343,79.31758019472622
2.45,hdv_3_0,vehicle.audi.a2,passenger,-2_3,highway_route,120.92035057727475,20.822081412618687,30.777196564052698,79.3175801947261
2.5,hdv_3_0,vehicle.audi.a2,passenger,-2_3,highway_route,122.43651183060663,21.108081266996,30.84981864096711,79.31758019472616
2.55,hdv_3_0,vehicle.audi.a2,passenger,-2_3,highway_route,123.95809959013081,21.395104745989336,30.960233500546288,79.31758019472622
2.6,hdv_3_0,vehicle.audi.a2,passenger,-2_3,highway_route,125.48523023138085,21.68317380200355,31.07301629038176,79.31758019472622
2.65,hdv_3_0,vehicle.audi.a2,passenger,-2_3,highway_route,127.01663477437799,21.972049062024503,31.159978738140754,79.31758019472622
2.7,hdv_3_0,vehicle.audi.a2,passenger,-2_3,highway_route,128.5536335177888,22.261920714181834,31.273536626234392,79.31847122491197
2.75,hdv_3_0,vehicle.audi.a2,passenger,-2_3,highway_route,130.0940784881732,22.552348555732017,31.343228911958843,79.3207833915036
2.8,hdv_3_0,vehicle.audi.a2,passenger,-2_3,highway_route,131.6401972116571,22.843846098503505,31.45867201158658,79.32306658746054
2.85,hdv_3_0,vehicle.audi.a2,passenger,-2_3,highway_route,133.190338799714,23.136102092175378,31.540524701956866,79.32306658746054
2.9,hdv_3_0,vehicle.audi.a2,passenger,-2_3,highway_route,134.7462440353234,23.42944473532212,31.65779687206258,79.32306658746054
2.95,hdv_3_0,vehicle.audi.a2,passenger,-2_3,highway_route,136.3056052066772,23.723438943424494,31.728114336966506,79.32306658746054
3.0,cav_2_0,vehicle.audi.tt,passenger,-2_2,highway_route,60.05469010998492,5.375495715003526,28.0,79.32306658746057
3.0,hdv_3_0,vehicle.audi.a2,passenger,-2_3,highway_route,137.8692161648688,24.01823438522367,31.814584184475212,79.32306658746054
3.05,cav_2_0,vehicle.audi.tt,passenger,-2_2,highway_route,61.43608710643983,5.635937441723687,28.112387086829404,79.32306658746057
3.05,hdv_3_0,vehicle.audi.a2,passenger,-2_3,highway_route,139.43638051797433,24.313699766446113,31.88688463813855,79.3230665874606
3.1,cav_2_0,vehicle.audi.tt,passenger,-2_2,highway_route,62.82206043189981,5.897241966778562,28.205518556463065,79.32306658746059
3.1,hdv_3_0,vehicle.audi.a2,passenger,-2_3,highway_route,141.0071217238888,24.609839509726804,31.95966238647114,79.32306658746054
3.15,cav_2_0,vehicle.audi.tt,passenger,-2_2,highway_route,64.21282686334382,6.159450160222784,28.303061587986303,79.32306658746057
3.15,hdv_3_0,vehicle.audi.a2,passenger,-2_3,highway_route,142.58156018655544,24.906676315427013,32.034889977821116,79.32306658746054
3.2,cav_2_0,vehicle.audi.tt,passenger,-2_2,highway_route,65.60995567507055,6.4228578852362315,28.432540440018055,79.3230665874606
3.2,cav_3_0,aggressive_cav,passenger,-2_3,highway_route,59.33558330804385,9.20601251778477,28.0,79.3263876903617
3.2,hdv_3_0,vehicle.audi.a2,passenger,-2_3,highway_route,144.16032021066394,25.20432788685129,32.12282021365125,79.32306658746063
3.25,cav_2_0,vehicle.audi.tt,passenger,-2_2,highway_route,67.01087630649425,6.68709462324032,28.51003915121895,79.32151736282536
3.25,cav_3_0,aggressive_cav,passenger,-2_3,highway_route,60.708852714488074,9.464839480094538,27.94165027527604,79.32638769036167
3.25,hdv_3_0,vehicle.audi.a2,passenger,-2_3,highway_route,145.7429961679428,25.502717748860555,32.202497184996,79.32306658746054
3.3,cav_2_0,vehicle.audi.tt,passenger,-2_2,highway_route,68.41522969613703,6.9520036914871675,28.579971405301475,79.31962693064449
3.3,cav_3_0,aggressive_cav,passenger,-2_3,highway_route,62.084738563195685,9.724159576380721,27.994886526186097,79.32638769036167
3.3,hdv_3_0,vehicle.audi.a2,passenger,-2_3,highway_route,147.3292331566095,25.801778990035928,32.2749530169775,79.32306658746054
3.35,cav_2_0,vehicle.audi.tt,passenger,-2_2,highway_route,69.82302805149244,7.217562598060896,28.650079842597478,79.31773186616454
3.35,cav_3_0,aggressive_cav,passenger,-2_3,highway_route,63.46420860848242,9.984155204145686,28.067813489287627,79.32638769036163
3.35,hdv_3_0,vehicle.audi.a2,passenger,-2_3,highway_route,148.9218378745916,26.102040771260583,32.40451635836272,79.32306658746052
3.4,cav_2_0,vehicle.audi.tt,passenger,-2_2,highway_route,71.23604466194551,7.484105845973485,28.756276461323722,79.31758019472623
3.4,cav_3_0,aggressive_cav,passenger,-2_3,highway_route,64.84861139947816,10.245080531197413,28.168179123918787,79.32638769036167
3.4,hdv_3_0,vehicle.audi.a2,passenger,-2_3,highway_route,150.5179050344896,26.40295534408211,32.47496620347139,79.32306658746067
3.45,cav_2_0,vehicle.audi.tt,passenger,-2_2,highway_route,72.65435818784283,7.75164827325593,28.864073895395265,79.31758019472622
3.45,cav_3_0,aggressive_cav,passenger,-2_3,highway_route,66.23504430909338,10.506562799470816,28.2100454851718,79.32402174429045
3.45,hdv_3_0,vehicle.audi.a2,passenger,-2_3,highway_route,152.11798692310182,26.704626833909643,32.5566533546068,79.32306658746054
3.5,cav_2_0,vehicle.audi.tt,passenger,-2_2,highway_route,74.07669057785036,8.01994879572631,28.94586172899813,79.31758019472619
3.5,cav_3_0,aggressive_cav,passenger,-2_3,highway_route,67.62634331514818,10.769009364605315,28.309206502820725,79.3210157191814
3.5,hdv_3_0,vehicle.audi.a2,passenger,-2_3,highway_route,153.72166905348564,27.00697709543423,32.629906995050824,79.32306658746064
3.55,cav_2_0,vehicle.audi.tt,passenger,-2_2,highway_route,75.50224763176944,8.288857600071122,29.011486808172187,79.3175801947262
3.55,cav_3_0,aggressive_cav,passenger,-2_3,highway_route,69.01816091879552,11.031553754978143,28.319758574140767,79.31800858151473
3.55,hdv_3_0,vehicle.audi.a2,passenger,-2_3,highway_route,155.3308816789919,27.310370049032866,32.742435243674535,79.32306658746054
3.6,cav_2_0,vehicle.audi.tt,passenger,-2_2,highway_route,76.9336298081599,8.558865221692054,29.13003377426531,79.31758019472623
3.6,cav_3_0,aggressive_cav,passenger,-2_3,highway_route,70.41097754701869,11.294286595545552,28.340086047168107,79.31758019472618
3.6,hdv_3_0,vehicle.audi.a2,passenger,-2_3,highway_route,156.94494066897076,27.61467671211168,32.84104357696602,79.32306658746057
3.65,cav_2_0,vehicle.audi.tt,passenger,-2_2,highway_route,78.36985865714391,8.829787091486077,29.228668323913578,79.3175801947262
3.65,cav_3_0,aggressive_cav,passenger,-2_3,highway_route,71.80768490316329,11.557753360434337,28.41925193436745,79.3175801947262
3.65,hdv_2_0,vehicle.audi.a2,passenger,-2_2,highway_route,50.227015269081114,3.522634725890452,28.0,79.32306658746059
3.65,hdv_3_0,vehicle.audi.a2,passenger,-2_3,highway_route,158.56227599648858,27.919601079592752,32.90770678107276,79.32306658746054
3.65,hdv_3_1,vehicle.audi.a2,passenger,-2_3,highway_route,39.676480958468474,5.500763045976866,28.0,79.32638769036167
3.7,cav_2_0,vehicle.audi.tt,passenger,-2_2,highway_route,79.81192019164624,9.101809205205475,29.347369205442945,79.31758019472618
3.7,cav_3_0,aggressive_cav,passenger,-2_3,highway_route,73.20823404019677,11.821944816560517,28.49742188061848,79.31758019472622
3.7,hdv_2_0,vehicle.audi.a2,passenger,-2_2,highway_route,51.60719644581806,3.7828472280013674,28.08764431221294,79.32306658746057
3.7,hdv_3_0,vehicle.audi.a2,passenger,-2_3,highway_route,160.1850185480072,28.225758038512662,33.018516930091415,79.31984028860832
3.7,hdv_3_1,vehicle.audi.a2,passenger,-2_3,highway_route,41.05646892308065,5.760856288590814,28.078351494863384,79.32638769036167
3.75,cav_2_0,vehicle.audi.tt,passenger,-2_2,highway_route,81.25992615342639,9.374952641166871,29.46834414157666,79.31758019472618
3.75,cav_3_0,aggressive_cav,passenger,-2_3,highway_route,74.61405505821288,12.087130729701094,28.604690531531205,79.31758019472618
3.75,hdv_2_0,vehicle.audi.a2,passenger,-2_2,highway_route,52.99299063186147,4.044117979000633,28.201872945075152,79.32306658746059
3.75,hdv_3_0,vehicle.audi.a2,passenger,-2_3,highway_route,161.81165087666366,28.53285545044939,33.09842937598237,79.31347921700446
3.75,hdv_3_1,vehicle.audi.a2,passenger,-2_3,highway_route,42.43910214282321,6.021448095686514,28.13217399567427,79.32638769036167
3.8,cav_2_0,vehicle.audi.tt,passenger,-2_2,highway_route,82.71144572121977,9.64875886336285,29.539849476435908,79.31758019472622
3.8,cav_3_0,aggressive_cav,passenger,-2_3,highway_route,76.01795070617791,12.351953452215987,28.565514410414277,79.31758019472618
3.8,hdv_2_0,vehicle.audi.a2,passenger,-2_2,highway_route,54.38452682175108,4.30647129887791,28.31872670629876,79.3230665874606
3.8,hdv_3_0,vehicle.audi.a2,passenger,-2_3,highway_route,163.44250520337596,28.840749947660594,33.18433785205124,79.30877320983976
3.8,hdv_3_1,vehicle.audi.a2,passenger,-2_3,highway_route,43.8255234823918,6.2827538686965765,28.2092501461246,79.32638769036167
3.85,cav_2_0,vehicle.audi.tt,passenger,-2_2,highway_route,84.16715295239955,9.923355022061997,29.625072541172834,79.31758019472622
3.85,cav_3_0,aggressive_cav,passenger,-2_3,highway_route,77.43150874038204,12.618598831160892,28.762118078038572,79.3175801947262
3.85,hdv_2_0,vehicle.audi.a2,passenger,-2_2,highway_route,55.7820515464711,4.569953667360156,28.44059754405752,79.32306658746059
3.85,hdv_3_0,vehicle.audi.a2,passenger,-2_3,highway_route,165.07809611052485,29.14953867989215,33.28071696016472,79.3087732098396
3.85,hdv_3_1,vehicle.audi.a2,passenger,-2_3,highway_route,45.21219763491833,6.544107290630899,28.214394083084443,79.32638769036166
3.9,cav_2_0,vehicle.audi.tt,passenger,-2_2,highway_route,85.62637780638096,10.198614724699368,29.696659621623095,79.31758019472622
3.9,cav_3_0,aggressive_cav,passenger,-2_3,highway_route,78.84818676219794,12.8858327464509,28.8256014652934,79.31758019472622
3.9,hdv_2_0,vehicle.audi.a2,passenger,-2_2,highway_route,57.185771584022866,4.834604069344438,28.566676457575515,79.32306658746059
3.9,hdv_3_0,vehicle.audi.a2,passenger,-2_3,highway_route,166.719861607065,29.45949313371205,33.40635642231675,79.30877320983966
3.9,hdv_3_1,vehicle.audi.a2,passenger,-2_3,highway_route,46.60481653590099,6.806581149077805,28.335350744287386,79.32638769036167
3.95,cav_2_0,vehicle.audi.tt,passenger,-2_2,highway_route,87.09089214026282,10.474872204108795,29.804305735072102,79.31758019472618
3.95,cav_3_0,aggressive_cav,passenger,-2_3,highway_route,80.26404071490843,13.152911214130294,28.80883386725998,79.31758019472618
3.95,hdv_2_0,vehicle.audi.a2,passenger,-2_2,highway_route,58.59521655039202,5.100333820965628,28.68318273011827,79.3230665874606
3.95,hdv_3_0,vehicle.audi.a2,passenger,-2_3,highway_route,168.36654312015514,29.77037569890226,33.50638666499872,79.30877320983963
3.95,hdv_3_1,vehicle.audi.a2,passenger,-2_3,highway_route,48.00126573158425,7.069776922348893,28.413285018853774,79.32638769036168
4.0,cav_2_0,vehicle.audi.tt,passenger,-2_2,highway_route,88.56170450480558,10.752317707448999,29.932476847503548,79.31758019472622
4.0,cav_3_0,aggressive_cav,passenger,-2_3,highway_route,81.68597182524256,13.421136041533341,28.93248773991348,79.31758019472618
4.0,hdv_2_0,vehicle.audi.a2,passenger,-2_2,highway_route,60.009549319039394,5.366985094545007,28.782652896914705,79.32306658746057
4.0,hdv_3_0,vehicle.audi.a2,passenger,-2_3,highway_route,170.01786301375105,30.08213395961616,33.60076761814068,79.30877320983974
4.0,hdv_3_1,vehicle.audi.a2,passenger,-2_3,highway_route,49.39901890694,7.333218463199135,28.439816844149007,79.32638769036166
4.05,cav_2_0,vehicle.audi.tt,passenger,-2_2,highway_route,90.03625596977862,11.030468532981164,30.00857121532315,79.31758019472622
4.05,cav_3_0,aggressive_cav,passenger,-2_3,highway_route,83.1131543545842,13.690351466122618,29.039340044464243,79.31758019472618
4.05,hdv_2_0,vehicle.audi.a2,passenger,-2_2,highway_route,61.42739177156959,5.6342980664870055,28.8540773984297,79.32306658746059
4.05,hdv_3_0,vehicle.audi.a2,passenger,-2_3,highway_route,171.67520708084646,30.395029544394127,33.723346444105275,79.30877320983963
4.05,hdv_3_1,vehicle.audi.a2,passenger,-2_3,highway_route,50.800002412898664,7.597268840635469,28.505543763831568,79.32638769036167
4.1,cav_2_0,vehicle.audi.tt,passenger,-2_2,highway_route,91.51692213315258,11.309772799711206,30.13301133612052,79.31758019472625
4.1,cav_3_0,aggressive_cav,passenger,-2_3,highway_route,84.54252779151147,13.959980170796099,29.083919142846913,79.31758019472622
4.1,hdv_2_0,vehicle.audi.a2,passenger,-2_2,highway_route,62.849637163692265,5.902441146785293,28.94368027324516,79.32306658746057
4.1,hdv_3_0,vehicle.audi.a2,passenger,-2_3,highway_route,173.33776209359942,30.708908921204856,33.829377852549094,79.30877320983963
4.1,hdv_3_1,vehicle.audi.a2,passenger,-2_3,highway_route,52.2054995338884,7.862169921700712,28.597381426626427,79.32638769036166
4.15,cav_2_0,vehicle.audi.tt,passenger,-2_2,highway_route,93.0019235426233,11.589894842089878,30.221237854028562,79.31758019472622
4.15,cav_3_0,aggressive_cav,passenger,-2_3,highway_route,85.97408127517203,14.230020106825668,29.128277251987555,79.31758019472623
4.15,hdv_2_0,vehicle.audi.a2,passenger,-2_2,highway_route,64.27782297915888,6.1717042049879165,29.064572008881555,79.32306658746057
4.15,hdv_3_0,vehicle.audi.a2,passenger,-2_3,highway_route,175.00663752638377,31.023981551463095,33.957984650994206,79.30877320983963
4.15,hdv_3_1,vehicle.audi.a2,passenger,-2_3,highway_route,53.6136036069049,8.127562348069947,28.650424581505007,79.32638769036166
4.2,cav_2_0,vehicle.audi.tt,passenger,-2_2,highway_route,94.49114486992421,11.870812905262687,30.30711732838999,79.31758019472622
4.2,cav_3_0,aggressive_cav,passenger,-2_3,highway_route,87.40849679249689,14.500599920265651,29.186511967651843,79.31758019472618
4.2,hdv_2_0,vehicle.audi.a2,passenger,-2_2,highway_route,65.71035558114518,6.44178678472546,29.153032129715033,79.3230665874606
4.2,hdv_3_0,vehicle.audi.a2,passenger,-2_3,highway_route,176.67900407977604,31.33971328217357,34.029021360918435,79.30877320983969
4.2,hdv_3_1,vehicle.audi.a2,passenger,-2_3,highway_route,55.02364074078389,8.393319108100624,28.689756201598914,79.32638769036168
4.25,cav_2_0,vehicle.audi.tt,passenger,-2_2,highway_route,95.98517056619049,12.152637236697824,30.4048909576365,79.31758019472623
4.25,cav_2_1,vehicle.audi.tt,passenger,-2_2,highway_route,40.39934042817731,1.6697737367773788,28.0,79.32306658746057
4.25,cav_3_0,aggressive_cav,passenger,-2_3,highway_route,88.84737924279479,14.772022350001883,29.27740208359216,79.31758019472618
4.25,hdv_2_0,vehicle.audi.a2,passenger,-2_2,highway_route,67.148240664208,6.713006237995301,29.26233107450844,79.32113257889144
4.25,hdv_3_0,vehicle.audi.a2,passenger,-2_3,highway_route,178.3573932527509,31.65658204357889,34.15156856805438,79.30877320983963
4.25,hdv_3_1,vehicle.audi.a2,passenger,-2_3,highway_route,56.43634742215808,8.659579011116708,28.744072974516154,79.32638769036167
4.3,cav_2_0,vehicle.audi.tt,passenger,-2_2,highway_route,97.483067007693,12.435191723036645,30.483664426611476,79.31758019472623
4.3,cav_2_1,vehicle.audi.tt,passenger,-2_2,highway_route,41.78126340826771,1.9303146298390077,28.123091218661283,79.32306658746057
4.3,cav_3_0,aggressive_cav,passenger,-2_3,highway_route,90.28763631015588,15.04370407951842,29.305371857260027,79.31758019472622
4.3,hdv_2_0,vehicle.audi.a2,passenger,-2_2,highway_route,68.59072163759873,6.985107472230898,29.355905198965523,79.31896701883869
4.3,hdv_3_0,vehicle.audi.a2,passenger,-2_3,highway_route,180.04050820256793,31.97434300035746,34.24772784652191,79.30877320983963
4.3,hdv_3_1,vehicle.audi.a2,passenger,-2_3,highway_route,57.854575866623655,8.92687962847539,28.85642323330611,79.32638769036167
4.35,cav_2_0,vehicle.audi.tt,passenger,-2_2,highway_route,98.9848911426283,12.718487106656244,30.563596847343696,79.31758019472626
4.35,cav_2_1,vehicle.audi.tt,passenger,-2_2,highway_route,43.1668753075308,2.191551013394342,28.198163282652132,79.32306658746059
4.35,cav_3_0,aggressive_cav,passenger,-2_3,highway_route,91.73592966148011,15.316901726974521,29.468888701042825,79.3175801947262
4.35,hdv_2_0,vehicle.audi.a2,passenger,-2_2,highway_route,70.03852884997136,7.258213417258207,29.46429939584081,79.3175801947262
4.35,hdv_3_0,vehicle.audi.a2,passenger,-2_3,highway_route,181.72871695003738,32.2930656324012,34.35137554790129,79.30877320983963
4.35,hdv_3_1,vehicle.audi.a2,passenger,-2_3,highway_route,59.273065641321004,9.194229500051588,28.861740469609746,79.32638769036166
4.4,cav_2_0,vehicle.audi.tt,passenger,-2_2,highway_route,100.49174811138805,13.002731854822482,30.666019960964302,79.31758019472622
4.4,cav_2_1,vehicle.audi.tt,passenger,-2_2,highway_route,44.55831318754849,2.4538857984167866,28.316726032212355,79.32306658746057
4.4,cav_3_0,aggressive_cav,passenger,-2_3,highway_route,93.1874866365217,15.590715005456577,29.53529469814336,79.31758019472622
4.4,hdv_2_0,vehicle.audi.a2,passenger,-2_2,highway_route,71.48984869269741,7.531981964477304,29.53578487506511,79.3175801947262
4.4,hdv_3_0,vehicle.audi.a2,passenger,-2_3,highway_route,183.42298845219486,32.612932872381904,34.474739417124106,79.3087732098396
4.4,hdv_3_1,vehicle.audi.a2,passenger,-2_3,highway_route,60.69556265688567,9.462334636382145,28.943275034027998,79.32638769036166
4.45,cav_2_0,vehicle.audi.tt,passenger,-2_2,highway_route,102.0018994041283,13.28759802513404,30.733062690990014,79.31758019472618
4.45,cav_2_1,vehicle.audi.tt,passenger,-2_2,highway_route,45.95282589967544,2.7168002970088727,28.379300998499467,79.32306658746057
4.45,cav_3_0,aggressive_cav,passenger,-2_3,highway_route,94.63720742394005,15.864181916168253,29.49793320045109,79.31758019472625
4.45,hdv_2_0,vehicle.audi.a2,passenger,-2_2,highway_route,72.9442173639174,7.806325624998745,29.597831530713865,79.3175801947262
4.45,hdv_3_0,vehicle.audi.a2,passenger,-2_3,highway_route,185.12151368742653,32.93360318899838,34.5612936317793,79.30877320983976
4.45,hdv_3_1,vehicle.audi.a2,passenger,-2_3,highway_route,62.12171009189693,9.731127785546956,29.017549421162936,79.32638769036166
4.5,cav_2_0,vehicle.audi.tt,passenger,-2_2,highway_route,103.51648359783317,13.573300392141403,30.82327658141494,79.31758019472626
4.5,cav_2_1,vehicle.audi.tt,passenger,-2_2,highway_route,47.35054611539954,2.980319522393799,28.444575921593234,79.32306658746057
4.5,cav_3_0,aggressive_cav,passenger,-2_3,highway_route,96.09601852561386,16.139363570973007,29.68289673619206,79.3175801947262
4.5,hdv_2_0,vehicle.audi.a2,passenger,-2_2,highway_route,74.40326766571782,8.08155240112633,29.693107313223763,79.3175801947262
4.5,hdv_3_0,vehicle.audi.a2,passenger,-2_3,highway_route,186.8245527613406,33.25512568846705,34.65314042973918,79.30877320983957
4.5,hdv_3_1,vehicle.audi.a2,passenger,-2_3,highway_route,63.548256241385964,9.999996082426136,29.025661988475218,79.32638769036166
4.55,cav_2_0,vehicle.audi.tt,passenger,-2_2,highway_route,105.03518537963897,13.859779477057018,30.90707354523587,79.31758019472622
4.55,cav_2_1,vehicle.audi.tt,passenger,-2_2,highway_route,48.75335516044636,3.2447981703771482,28.548137128188014,79.32306658746059
4.55,cav_3_0,aggressive_cav,passenger,-2_3,highway_route,97.55111141174544,16.413843843189802,29.607241013627302,79.3175801947262
4.55,hdv_2_0,vehicle.audi.a2,passenger,-2_2,highway_route,75.86739889127657,8.357737613206417,29.796509104251818,79.31758019472626
4.55,hdv_3_0,vehicle.audi.a2,passenger,-2_3,highway_route,188.5322942547182,33.57753597359054,34.74882443636194,79.30877320983966
4.55,hdv_3_1,vehicle.audi.a2,passenger,-2_3,highway_route,64.97993312851787,10.269831395123393,29.130056127162273,79.32638769036166
4.6,cav_2_0,vehicle.audi.tt,passenger,-2_2,highway_route,106.55896374955998,14.147216180074588,31.0103871016658,79.31758019472625
4.6,cav_2_1,vehicle.audi.tt,passenger,-2_2,highway_route,50.160810596105236,3.510152825762515,28.64269440012186,79.32306658746059
4.6,cav_3_0,aggressive_cav,passenger,-2_3,highway_route,99.01342535473964,16.689686253639998,29.754170170482052,79.3175801947262
4.6,hdv_2_0,vehicle.audi.a2,passenger,-2_2,highway_route,77.33334169274151,8.634264550445508,29.83337645400868,79.31758019472622
4.6,hdv_3_0,vehicle.audi.a2,passenger,-2_3,highway_route,190.24392853300174,33.90068119072589,34.8280341409869,79.30877320983966
4.6,hdv_3_1,vehicle.audi.a2,passenger,-2_3,highway_route,66.41164429581687,10.539875595438236,29.131403845001422,79.32332350928505
4.65,cav_2_0,vehicle.audi.tt,passenger,-2_2,highway_route,108.08884695218839,14.435804463282912,31.134626445907593,79.3175801947262
4.65,cav_2_1,vehicle.audi.tt,passenger,-2_2,highway_route,51.57041282442961,3.7759122267714424,28.686383119992406,79.32306658746057
4.65,cav_3_0,aggressive_cav,passenger,-2_3,highway_route,100.47472649548195,16.965337614954812,29.733562358667044,79.31758019472616
4.65,hdv_2_0,vehicle.audi.a2,passenger,-2_2,highway_route,78.80443704707301,8.911763435336123,29.93823596777248,79.31758019472619
4.65,hdv_3_0,vehicle.audi.a2,passenger,-2_3,highway_route,191.96144420461778,34.22493677597527,34.947969884757235,79.3087732098397
4.65,hdv_3_1,vehicle.audi.a2,passenger,-2_3,highway_route,67.84781548150707,10.810786587963369,29.22223511421349,79.31986289059674
4.7,cav_2_0,vehicle.audi.tt,passenger,-2_2,highway_route,109.6240224483951,14.72539105401913,31.242329820464324,79.31758019472626
4.7,cav_2_1,vehicle.audi.tt,passenger,-2_2,highway_route,52.985807837815216,4.0427637706963715,28.804270314166036,79.32306658746059
4.7,cav_3_0,aggressive_cav,passenger,-2_3,highway_route,101.94584884867716,17.24284159275429,29.933397714135136,79.31758019472616
4.7,hdv_2_0,vehicle.audi.a2,passenger,-2_2,highway_route,80.28051154198721,9.190201556392047,30.03956637116352,79.3175801947262
4.7,hdv_3_0,vehicle.audi.a2,passenger,-2_3,highway_route,193.6821594877578,34.54979642669225,35.01319148786487,79.30877320983981
4.7,hdv_3_1,vehicle.audi.a2,passenger,-2_3,highway_route,69.28604643814857,11.082086123719527,29.264145933494706,79.3175801947262
4.75,cav_2_0,vehicle.audi.tt,passenger,-2_2,highway_route,111.16262213366238,15.015623563895247,31.312015432476723,79.31758019472618
4.75,cav_2_1,vehicle.audi.tt,passenger,-2_2,highway_route,54.40584954019205,4.310491378278246,28.8988336583231,79.32306658746059
4.75,cav_3_0,aggressive_cav,passenger,-2_3,highway_route,103.41998772591927,17.520914590132815,29.99477589509606,79.3175801947262
4.75,hdv_2_0,vehicle.audi.a2,passenger,-2_2,highway_route,81.76031562791466,9.469343205838726,30.115467213001967,79.3175801947262
4.75,hdv_3_0,vehicle.audi.a2,passenger,-2_3,highway_route,195.4077059606904,34.87556817404948,35.11149675369268,79.30877320983966
4.75,hdv_3_1,vehicle.audi.a2,passenger,-2_3,highway_route,70.7299036414392,11.354446961971577,29.378624976125117,79.3175801947262
4.8,cav_2_0,vehicle.audi.tt,passenger,-2_2,highway_route,112.70442234946162,15.306459803265206,31.37714937366192,79.31758019472626
4.8,cav_2_1,vehicle.audi.tt,passenger,-2_2,highway_route,55.82992567117424,4.578979616985715,28.98093707893216,79.32306658746059
4.8,cav_3_0,aggressive_cav,passenger,-2_3,highway_route,104.8922904148823,17.79864121961724,29.95741438405831,79.31758019472623
4.8,hdv_2_0,vehicle.audi.a2,passenger,-2_2,highway_route,83.24629999955354,9.749650668492666,30.241242100015214,79.31758019472626
4.8,hdv_3_0,vehicle.audi.a2,passenger,-2_3,highway_route,197.13895510828834,35.202416548619865,35.227535032660285,79.30877320983966
4.8,hdv_3_1,vehicle.audi.a2,passenger,-2_3,highway_route,72.17919619005616,11.62783309220257,29.48921968839624,79.31758019472623
4.85,cav_2_0,vehicle.audi.tt,passenger,-2_2,highway_route,114.24965311371045,15.59794316137327,31.446964405488647,79.31758019472626
4.85,cav_2_1,vehicle.audi.tt,passenger,-2_2,highway_route,57.25857533104596,4.848330126108029,29.074011564272368,79.32306658746057
4.85,cav_3_0,aggressive_cav,passenger,-2_3,highway_route,106.36684770310043,18.076793143612548,30.003289437240554,79.3175801947262
4.85,hdv_2_0,vehicle.audi.a2,passenger,-2_2,highway_route,84.73597690582973,10.030654669437796,30.316388808191377,79.31758019472622
4.85,hdv_3_0,vehicle.audi.a2,passenger,-2_3,highway_route,198.87638121821618,35.530431092773696,35.35322413822525,79.30877320983966
4.85,hdv_3_1,vehicle.audi.a2,passenger,-2_3,highway_route,73.62731712826074,11.900998216648995,29.465380556074184,79.3175801947262
4.9,cav_2_0,vehicle.audi.tt,passenger,-2_2,highway_route,115.79982611087469,15.890358793598615,31.54754370158534,79.31758019472619
4.9,cav_2_1,vehicle.audi.tt,passenger,-2_2,highway_route,58.691777104644146,5.11853886813673,29.166650236188968,79.32306658746059
4.9,cav_3_0,aggressive_cav,passenger,-2_3,highway_route,107.84561924743285,18.355740020408774,30.08903825620432,79.31758019472623
4.9,hdv_2_0,vehicle.audi.a2,passenger,-2_2,highway_route,86.23026797717935,10.312529059687604,30.410291601341495,79.3175801947262
4.9,hdv_3_0,vehicle.audi.a2,passenger,-2_3,highway_route,200.61872602627164,35.85937425456195,35.4533100275661,79.30877320983966
4.9,hdv_3_1,vehicle.audi.a2,passenger,-2_3,highway_route,75.07793827687307,12.174634966267842,29.516253138046263,79.31758019472623
4.95,cav_2_0,vehicle.audi.tt,passenger,-2_2,highway_route,117.3554857161026,16.18380938770799,31.65920156685515,79.31758019472618
4.95,cav_2_1,vehicle.audi.tt,passenger,-2_2,highway_route,60.13036544386843,5.389763166487296,29.276270583083104,79.32306658746057
4.95,cav_3_0,aggressive_cav,passenger,-2_3,highway_route,109.32733016281986,18.635241363091616,30.14884658051897,79.3175801947262
4.95,hdv_2_0,vehicle.audi.a2,passenger,-2_2,highway_route,87.729062472098,10.595252949607787,30.50194069606235,79.3175801947262
4.95,hdv_3_0,vehicle.audi.a2,passenger,-2_3,highway_route,202.36643970138743,36.18933102289804,35.56255597446702,79.30877320983974
4.95,hdv_3_1,vehicle.audi.a2,passenger,-2_3,highway_route,76.53261005307365,12.449035802752672,29.598672554981825,79.3175801947262
5.0,cav_2_0,vehicle.audi.tt,passenger,-2_2,highway_route,118.91615698950234,16.478205353798195,31.76119393864642,79.31758019472626
5.0,cav_2_1,vehicle.audi.tt,passenger,-2_2,highway_route,61.57067518604165,5.661312009597661,29.311302327148695,79.32306658746059
5.0,cav_3_0,aggressive_cav,passenger,-2_3,highway_route,110.81818894529394,18.91646830629948,30.334981162159334,79.3175801947262
5.0,hdv_0_0,vehicle.audi.a2,passenger,-2_0,highway_route,51.619008069536385,-3.9866915678971426,28.0,79.30877320983969
5.0,hdv_1_0,vehicle.audi.a2,passenger,-2_1,highway_route,75.51296676861999,4.241290293030037,28.0,79.3175801947262
5.0,hdv_2_0,vehicle.audi.a2,passenger,-2_2,highway_route,89.23076962758516,10.878526266903599,30.561216200629712,79.31758019472622
5.0,hdv_3_0,vehicle.audi.a2,passenger,-2_3,highway_route,204.11935634674782,36.52027007756175,35.66842624554882,79.30877320983966
5.0,hdv_3_1,vehicle.audi.a2,passenger,-2_3,highway_route,77.99155659018778,12.724243005312406,29.68565248447576,79.3175801947262
5.05,cav_2_0,vehicle.audi.tt,passenger,-2_2,highway_route,120.48266809665084,16.77370291221446,31.88004029368977,79.31758019472622
5.05,cav_2_1,vehicle.audi.tt,passenger,-2_2,highway_route,63.01466546672886,5.9335547631539765,29.386203838921794,79.32306658746057
5.05,cav_3_0,aggressive_cav,passenger,-2_3,highway_route,112.1942915275282,19.176048306291136,28.0,79.31758019472616
5.05,hdv_0_0,vehicle.audi.a2,passenger,-2_0,highway_route,52.993305580434196,-3.727233298568139,27.97905498136783,79.30877320983969
5.05,hdv_1_0,vehicle.audi.a2,passenger,-2_1,highway_route,76.89235992453428,4.5014910077321115,28.077130496503084,79.31758019472619
5.05,hdv_2_0,vehicle.audi.a2,passenger,-2_2,highway_route,90.73609614898075,11.162482320366475,30.634873853276947,79.31758019472619
5.05,hdv_3_0,vehicle.audi.a2,passenger,-2_3,highway_route,204.6108040583157,36.6130521510924,10.0,79.30877320983957
5.05,hdv_3_1,vehicle.audi.a2,passenger,-2_3,highway_route,79.45676773796637,13.000631927648865,29.813120524191653,79.31758019472622
5.1,cav_2_0,vehicle.audi.tt,passenger,-2_2,highway_route,122.05386632116104,17.070084621231427,31.97542773758988,79.31758019472622
5.1,cav_2_1,vehicle.audi.tt,passenger,-2_2,highway_route,64.4634929753839,6.2067095036392566,29.484644783420432,79.3230665874606
5.1,cav_3_0,aggressive_cav,passenger,-2_3,highway_route,113.57039410976246,19.435628306282794,28.0,79.31758019472623
5.1,hdv_0_0,vehicle.audi.a2,passenger,-2_0,highway_route,54.36823868248459,-3.4676550338384717,27.99199485767766,79.30877320983967
5.1,hdv_1_0,vehicle.audi.a2,passenger,-2_1,highway_route,78.27519811567726,4.762341573874174,28.147253146645376,79.31758019472619
5.1,hdv_2_0,vehicle.audi.a2,passenger,-2_2,highway_route,92.24755284110597,11.447594733637468,30.759628851166923,79.3175801947262
5.1,hdv_3_0,vehicle.audi.a2,passenger,-2_3,highway_route,205.10225176988362,36.70583422462305,10.0,79.30877320983966
5.1,hdv_3_1,vehicle.audi.a2,passenger,-2_3,highway_route,80.91092091856632,13.274934939271107,29.588120524191652,79.31758019472622
5.15,cav_2_0,vehicle.audi.tt,passenger,-2_2,highway_route,123.63030460330802,17.367454784291628,32.08206805941062,79.31758019472618
5.15,cav_2_1,vehicle.audi.tt,passenger,-2_2,highway_route,65.91635011011019,6.480629557542276,29.566666751711804,79.322990733028
5.15,cav_3_0,aggressive_cav,passenger,-2_3,highway_route,114.94649669199671,19.695208306274452,28.0,79.3175801947262
5.15,hdv_0_0,vehicle.audi.a2,passenger,-2_0,highway_route,55.74251863283213,-3.208200079825071,27.97869746955012,79.30877320983967
5.15,hdv_1_0,vehicle.audi.a2,passenger,-2_1,highway_route,79.66305270633964,5.024138404491003,28.24936044167261,79.31758019472619
5.15,hdv_2_0,vehicle.audi.a2,passenger,-2_2,highway_route,93.7623270790551,11.733332949487469,30.827144168524534,79.31758019472619
5.15,hdv_3_0,vehicle.audi.a2,passenger,-2_3,highway_route,205.59369948145155,36.798616298153696,10.0,79.30877320983974
5.15,hdv_3_1,vehicle.audi.a2,passenger,-2_3,highway_route,82.3540161319876,13.547152040179132,29.36312052419165,79.3175801947262
5.2,cav_2_0,vehicle.audi.tt,passenger,-2_2,highway_route,125.21161685197518,17.665744344092737,32.181258067284894,79.31758019472626
5.2,cav_2_1,vehicle.audi.tt,passenger,-2_2,highway_route,67.37532931701163,6.755842922740971,29.69166046217142,79.32102676381882
5.2,cav_3_0,aggressive_cav,passenger,-2_3,highway_route,116.32259927423095,19.954788306266106,28.0,79.3175801947262
5.2,hdv_0_0,vehicle.audi.a2,passenger,-2_0,highway_route,57.11488431168595,-2.949106527593197,27.939725189568875,79.30877320983967
5.2,hdv_1_0,vehicle.audi.a2,passenger,-2_1,highway_route,81.05475112652006,5.286660312786736,28.32760042896028,79.3175801947262
5.2,hdv_2_0,vehicle.audi.a2,passenger,-2_2,highway_route,95.28071023449647,12.019751930575982,30.900589185635322,79.31758019472618
5.2,hdv_3_0,vehicle.audi.a2,passenger,-2_3,highway_route,206.08514719301945,36.891398371684346,10.0,79.30877320983966
5.2,hdv_3_1,vehicle.audi.a2,passenger,-2_3,highway_route,83.78605337823019,13.817283230372936,29.13812052419165,79.3175801947262
5.25,cav_2_0,vehicle.audi.tt,passenger,-2_2,highway_route,126.79672088096598,17.964749163314977,32.25842452269741,79.31758019472623
5.25,cav_2_1,vehicle.audi.tt,passenger,-2_2,highway_route,68.8367602184294,7.031518761356073,29.74155485462845,79.3190594997596
5.25,cav_3_0,aggressive_cav,passenger,-2_3,highway_route,117.6987018564652,20.21436830625776,28.0,79.31758019472626
5.25,hdv_0_0,vehicle.audi.a2,passenger,-2_0,highway_route,58.48724823995003,-2.6900133058610747,27.93968954965373,79.30877320983969
5.25,hdv_1_0,vehicle.audi.a2,passenger,-2_1,highway_route,82.45068667088661,5.5499814875836755,28.413845810267368,79.31758019472619
5.25,hdv_2_0,vehicle.audi.a2,passenger,-2_2,highway_route,96.80501636416933,12.307288187128409,31.021127531196683,79.31758019472622
5.25,hdv_3_0,vehicle.audi.a2,passenger,-2_3,highway_route,206.57659490458735,36.98418044521499,10.0,79.30877320983976
5.25,hdv_3_1,vehicle.audi.a2,passenger,-2_3,highway_route,85.20703265729412,14.08532850985252,28.913120524191648,79.31758019472622
5.3,cav_2_0,vehicle.audi.tt,passenger,-2_2,highway_route,128.38637232316756,18.264611780158162,32.350968849852165,79.31758019472618
5.3,cav_2_1,vehicle.audi.tt,passenger,-2_2,highway_route,70.30420928523675,7.308329831742368,29.864030433791743,79.31758019472618
5.3,cav_3_0,aggressive_cav,passenger,-2_3,highway_route,119.07480443869946,20.473948306249422,28.0,79.31758019472616
5.3,hdv_0_0,vehicle.audi.a2,passenger,-2_0,highway_route,59.86120918951166,-2.4306185770835995,27.972202994767745,79.30877320983969
5.3,hdv_1_0,vehicle.audi.a2,passenger,-2_1,highway_route,83.85089800688269,5.814109222883795,28.50087825568974,79.31758019472619
5.3,hdv_2_0,vehicle.audi.a2,passenger,-2_2,highway_route,98.33261097007183,12.595444762740387,31.088051253745792,79.31758019472622
5.3,hdv_3_0,vehicle.audi.a2,passenger,-2_3,highway_route,207.06804261615525,37.076962518745646,10.0,79.30877320983966
5.3,hdv_3_1,vehicle.audi.a2,passenger,-2_3,highway_route,86.61695396917939,14.351287878617889,28.688120524191646,79.3175801947262
5.35,cav_2_0,vehicle.audi.tt,passenger,-2_2,highway_route,129.98012460693334,18.56504099563978,32.4335464422835,79.32038964850621
5.35,cav_2_1,vehicle.audi.tt,passenger,-2_2,highway_route,71.77487074466305,7.5857468692177195,29.9294057801038,79.31758019472622
5.35,cav_3_0,aggressive_cav,passenger,-2_3,highway_route,120.45090702093371,20.733528306241077,28.0,79.3175801947262
5.35,hdv_0_0,vehicle.audi.a2,passenger,-2_0,highway_route,61.23553895490495,-2.1711542183194403,27.979711644350488,79.30877320983969
5.35,hdv_1_0,vehicle.audi.a2,passenger,-2_1,highway_route,85.25676069723198,6.0793029968513075,28.615909864319246,79.3175801947262
5.35,hdv_2_0,vehicle.audi.a2,passenger,-2_2,highway_route,99.86473184787354,12.88445514799907,31.180165334437035,79.31758019472616
5.35,hdv_3_0,vehicle.audi.a2,passenger,-2_3,highway_route,207.55949032772318,37.169744592276295,10.0,79.30877320983966
5.35,hdv_3_1,vehicle.audi.a2,passenger,-2_3,highway_route,88.01581731388598,14.615161336669036,28.463120524191645,79.31758019472622
5.4,cav_2_0,vehicle.audi.tt,passenger,-2_2,highway_route,131.57993191542397,18.86656469084081,32.55656963369688,79.32384667960945
5.4,cav_2_1,vehicle.audi.tt,passenger,-2_2,highway_route,73.24994428760168,7.86399617650557,30.01919601491917,79.31758019472622
5.4,cav_3_0,aggressive_cav,passenger,-2_3,highway_route,121.82700960316797,20.993108306232735,28.0,79.3175801947262
5.4,hdv_0_0,vehicle.audi.a2,passenger,-2_0,highway_route,62.609637768608344,-1.9117334617049515,27.975009743940486,79.30877320983969
5.4,hdv_1_0,vehicle.audi.a2,passenger,-2_1,highway_route,86.66816036178791,6.345541233479574,28.728613299658743,79.3175801947262
5.4,hdv_2_0,vehicle.audi.a2,passenger,-2_2,highway_route,101.40011597901375,13.174081094417588,31.246575746367444,79.31758019472625
5.4,hdv_3_0,vehicle.audi.a2,passenger,-2_3,highway_route,208.0509380392911,37.262526665806945,10.0,79.30877320983974
5.4,hdv_3_1,vehicle.audi.a2,passenger,-2_3,highway_route,89.40362269141391,14.876948884005966,28.238120524191643,79.31758019472622
5.45,cav_2_0,vehicle.audi.tt,passenger,-2_2,highway_route,133.18538801125948,19.169153041281632,32.67152418951383,79.32638769036166
5.45,cav_2_1,vehicle.audi.tt,passenger,-2_2,highway_route,74.7283318523555,8.142870621623889,30.086639615236347,79.3175801947262
5.45,cav_3_0,aggressive_cav,passenger,-2_3,highway_route,123.2031121854022,21.252688306224393,28.0,79.31758019472613
5.45,hdv_0_0,vehicle.audi.a2,passenger,-2_0,highway_route,63.984445623877846,-1.6521788427381203,27.989444982893932,79.30877320983967
5.45,hdv_1_0,vehicle.audi.a2,passenger,-2_1,highway_route,88.0848017760505,6.61276824333331,28.83530752959078,79.31758019472619
5.45,hdv_2_0,vehicle.audi.a2,passenger,-2_2,highway_route,102.93881639107374,13.464332604810952,31.314065321682712,79.31758019472619
5.45,hdv_3_0,vehicle.audi.a2,passenger,-2_3,highway_route,208.54238575085898,37.35530873933759,10.0,79.30877320983967
5.45,hdv_3_1,vehicle.audi.a2,passenger,-2_3,highway_route,90.78037010176317,15.13665052062868,28.013120524191642,79.31758019472622
5.5,cav_2_0,vehicle.audi.tt,passenger,-2_2,highway_route,134.79717311257608,19.472934251080876,32.80032139312937,79.32638769036173
5.5,cav_2_1,vehicle.audi.tt,passenger,-2_2,highway_route,76.20604926925043,8.4216186539417,30.0730014478165,79.31758019472623
5.5,cav_3_0,aggressive_cav,passenger,-2_3,highway_route,124.57921476763647,21.51226830621605,28.0,79.3175801947262
5.5,hdv_0_0,vehicle.audi.a2,passenger,-2_0,highway_route,65.3572719597422,-1.392998321513172,27.949103615799856,79.30877320983969
5.5,hdv_1_0,vehicle.audi.a2,passenger,-2_1,highway_route,89.50617625913759,6.880888071804849,28.931647714015547,79.3175801947262
5.5,hdv_2_0,vehicle.audi.a2,passenger,-2_2,highway_route,104.48365208345095,13.75574143885536,31.438924304700915,79.31758019472619
5.5,hdv_3_0,vehicle.audi.a2,passenger,-2_3,highway_route,209.0338334624269,37.448090812868244,10.0,79.30877320983974
5.5,hdv_3_1,vehicle.audi.a2,passenger,-2_3,highway_route,92.14605954493378,15.394266246537175,27.78812052419164,79.3175801947262
5.55,cav_2_0,vehicle.audi.tt,passenger,-2_2,highway_route,136.41447969950045,19.777756122923993,32.912685319533296,79.32638769036166
5.55,cav_2_1,vehicle.audi.tt,passenger,-2_2,highway_route,77.68889281053158,8.701333648595977,30.177323116036717,79.31758019472622
5.55,cav_3_0,aggressive_cav,passenger,-2_3,highway_route,125.95531734987073,21.771848306207705,28.0,79.3175801947262
5.55,hdv_0_0,vehicle.audi.a2,passenger,-2_0,highway_route,66.73143448940526,-1.1335655357474312,27.976306924736296,79.30877320983969
5.55,hdv_1_0,vehicle.audi.a2,passenger,-2_1,highway_route,90.93322239749429,7.150077768390759,29.047092541657605,79.31758019472619
5.55,hdv_2_0,vehicle.audi.a2,passenger,-2_2,highway_route,106.03247047380756,14.047901545918812,31.519976122005602,79.31758019472619
5.55,hdv_3_0,vehicle.audi.a2,passenger,-2_3,highway_route,209.5252811739948,37.540872886398894,10.0,79.30877320983966
5.55,hdv_3_1,vehicle.audi.a2,passenger,-2_3,highway_route,93.50773929993588,15.651125608154093,27.706534114742745,79.31758019472623
5.6,cav_2_0,vehicle.audi.tt,passenger,-2_2,highway_route,138.0354531969046,20.08326911574897,32.98730807299955,79.32638769036167
5.6,cav_2_1,vehicle.audi.tt,passenger,-2_2,highway_route,79.17589718042088,8.98183351779668,30.26200006666768,79.31758019472618
5.6,cav_3_0,aggressive_cav,passenger,-2_3,highway_route,127.33141993210498,22.031428306199363,28.0,79.3175801947262
5.6,hdv_0_0,vehicle.audi.a2,passenger,-2_0,highway_route,68.10452490671425,-0.8745729199889087,27.953533582711994,79.31237398085021
5.6,hdv_1_0,vehicle.audi.a2,passenger,-2_1,highway_route,92.36627768657556,7.420400996273806,29.169406987212117,79.31758019472619
5.6,hdv_1_1,vehicle.audi.a2,passenger,-2_1,highway_route,65.68720215688856,2.3879604192543886,28.0,79.32638769036163
5.6,hdv_2_0,vehicle.audi.a2,passenger,-2_2,highway_route,107.58594425741109,14.34093981933017,31.614717948996685,79.31758019472619
5.6,hdv_3_0,vehicle.audi.a2,passenger,-2_3,highway_route,210.01672888556274,37.633654959929544,10.0,79.30877320983966
5.6,hdv_3_1,vehicle.audi.a2,passenger,-2_3,highway_route,94.8700356332035,15.908101277514508,27.71907983019846,79.31758019472622
5.65,cav_2_0,vehicle.audi.tt,passenger,-2_2,highway_route,139.65989021745236,20.389434896126005,33.05779183176459,79.32638769036176
5.65,cav_2_1,vehicle.audi.tt,passenger,-2_2,highway_route,80.66669472523412,9.263048909487813,30.339194903566387,79.3175801947262
5.65,cav_3_0,aggressive_cav,passenger,-2_3,highway_route,128.707539168442,22.290937320929192,28.0,79.31858627389094
5.65,hdv_0_0,vehicle.audi.a2,passenger,-2_0,highway_route,69.47823764106694,-0.6156211802223759,27.96557283890567,79.31837308838233
5.65,hdv_1_0,vehicle.audi.a2,passenger,-2_1,highway_route,93.80539160336046,7.691867088504006,29.292728521710945,79.31758019472618
5.65,hdv_1_1,vehicle.audi.a2,passenger,-2_1,highway_route,67.06421176563067,2.6475662117593695,28.02814720747076,79.32526870933336
5.65,hdv_2_0,vehicle.audi.a2,passenger,-2_2,highway_route,109.14413081376709,14.634867082826169,31.71062750530894,79.31758019472623
5.65,hdv_3_0,vehicle.audi.a2,passenger,-2_3,highway_route,210.50817659713067,37.72643703346019,10.0,79.30877320983974
5.65,hdv_3_1,vehicle.audi.a2,passenger,-2_3,highway_route,96.23403820006058,16.165398800871024,27.753797111541957,79.31758019472626
5.7,cav_2_0,vehicle.audi.tt,passenger,-2_2,highway_route,141.29053275598872,20.696770261555336,33.18407602701566,79.3263876903617
5.7,cav_2_1,vehicle.audi.tt,passenger,-2_2,highway_route,82.16297553920872,9.545298633231825,30.450784818892718,79.31758019472622
5.7,cav_3_0,aggressive_cav,passenger,-2_3,highway_route,130.08367240895527,22.550386645255262,28.0,79.32043834532357
5.7,hdv_0_0,vehicle.audi.a2,passenger,-2_0,highway_route,70.85071996054124,-0.3569013798311047,27.94052447468525,79.32436680520988
5.7,hdv_1_0,vehicle.audi.a2,passenger,-2_1,highway_route,95.24891513088417,7.964164984097062,29.382484814629407,79.31758019472625
5.7,hdv_1_1,vehicle.audi.a2,passenger,-2_1,highway_route,68.44662702821171,2.908336999113481,28.13864456368043,79.32193640808939
5.7,hdv_2_0,vehicle.audi.a2,passenger,-2_2,highway_route,110.706675514477,14.929616441365049,31.799320025249607,79.31758019472623
5.7,hdv_3_0,vehicle.audi.a2,passenger,-2_3,highway_route,210.99962430869854,37.81921910699084,10.0,79.30877320983957
5.7,hdv_3_1,vehicle.audi.a2,passenger,-2_3,highway_route,97.59613392435637,16.422336628519943,27.71499797519457,79.31758019472622
5.75,cav_2_0,vehicle.audi.tt,passenger,-2_2,highway_route,142.927459643527,21.00529006971282,33.311964457576366,79.32638769036166
5.75,cav_2_1,vehicle.audi.tt,passenger,-2_2,highway_route,83.66371267973784,9.828388972538896,30.541475443090896,79.31758019472622
5.75,cav_3_0,aggressive_cav,passenger,-2_3,highway_route,131.4598056494686,22.80983596958134,28.0,79.3222904114783
5.75,hdv_0_0,vehicle.audi.a2,passenger,-2_0,highway_route,72.22360302716429,-0.09810603659249839,27.94868274773488,79.324727394216
5.75,hdv_1_0,vehicle.audi.a2,passenger,-2_1,highway_route,96.69616840520399,8.237166437466849,29.45840268261729,79.3175801947262
5.75,hdv_1_1,vehicle.audi.a2,passenger,-2_1,highway_route,69.83205718963082,3.1696764994766835,28.200011917684403,79.31859684920617
5.75,hdv_2_0,vehicle.audi.a2,passenger,-2_2,highway_route,112.2746432676789,15.225388773033984,31.909684472185315,79.31758019472622
5.75,hdv_3_0,vehicle.audi.a2,passenger,-2_3,highway_route,211.49107202026647,37.91200118052149,10.0,79.30877320983974
5.75,hdv_3_1,vehicle.audi.a2,passenger,-2_3,highway_route,98.9581138067908,16.679252604432843,27.71264090373811,79.31758019472616
5.8,cav_2_0,vehicle.audi.tt,passenger,-2_2,highway_route,144.56766781275329,21.31442831746257,33.37873954680047,79.3263876903617
5.8,cav_2_1,vehicle.audi.tt,passenger,-2_2,highway_route,85.16907048035786,10.112350926333026,30.635510416229373,79.3175801947262
5.8,cav_3_0,aggressive_cav,passenger,-2_3,highway_route,132.8359388899819,23.069285293907413,28.0,79.32306658746054
5.8,hdv_0_0,vehicle.audi.a2,passenger,-2_0,highway_route,73.59781810724965,0.16094039786396763,27.9757994210908,79.324727394216
5.8,hdv_1_0,vehicle.audi.a2,passenger,-2_1,highway_route,98.14822496030467,8.51107395383016,29.556172010177963,79.31758019472616
5.8,hdv_1_1,vehicle.audi.a2,passenger,-2_1,highway_route,71.22073486551585,3.4316285921102008,28.266114092440052,79.31758019472625
5.8,hdv_2_0,vehicle.audi.a2,passenger,-2_2,highway_route,113.8465097689949,15.521896541906873,31.989027827241213,79.31758019472613
5.8,hdv_3_0,vehicle.audi.a2,passenger,-2_3,highway_route,211.98251973183437,38.00478325405214,10.0,79.30877320983966
5.8,hdv_3_1,vehicle.audi.a2,passenger,-2_3,highway_route,100.32132739695875,16.93640129980836,27.737743550142493,79.3175801947262
5.85,cav_2_0,vehicle.audi.tt,passenger,-2_2,highway_route,146.21326348122008,21.624581974174554,33.48837680951456,79.32638769036167
5.85,cav_2_1,vehicle.audi.tt,passenger,-2_2,highway_route,86.67870618770377,10.397119839609832,30.722570021597786,79.3175801947262
5.85,cav_3_0,aggressive_cav,passenger,-2_3,highway_route,134.2120721304952,23.32873461823349,28.0,79.32306658746054
5.85,hdv_0_0,vehicle.audi.a2,passenger,-2_0,highway_route,74.9704255505614,0.41968378472611034,27.94307170286675,79.324727394216
5.85,hdv_1_0,vehicle.audi.a2,passenger,-2_1,highway_route,99.60447378832428,8.78577227621208,29.641504457505636,79.31758019472618
5.85,hdv_1_1,vehicle.audi.a2,passenger,-2_1,highway_route,72.61577519666788,3.694780899084918,28.395624016040177,79.3175801947262
5.85,hdv_2_0,vehicle.audi.a2,passenger,-2_2,highway_route,115.42389074229868,15.819444528752616,32.10125275074503,79.31758019472623
5.85,hdv_3_0,vehicle.audi.a2,passenger,-2_3,highway_route,212.4739674434023,38.09756532758279,10.0,79.30877320983966
5.85,hdv_3_1,vehicle.audi.a2,passenger,-2_3,highway_route,101.68613238175982,17.193850186626136,27.770124166459016,79.31758019472622
5.9,cav_2_0,vehicle.audi.tt,passenger,-2_2,highway_route,147.86505953434823,21.935904248434937,33.61455653998067,79.32638769036173
5.9,cav_2_1,vehicle.audi.tt,passenger,-2_2,highway_route,88.19429785475,10.683012250537846,30.84377965386084,79.31758019472622
5.9,cav_3_0,aggressive_cav,passenger,-2_3,highway_route,135.58820537100848,23.58818394255956,28.0,79.32306658746059
5.9,hdv_0_0,vehicle.audi.a2,passenger,-2_0,highway_route,76.34539523577766,0.67887246603419,27.991161413613177,79.324727394216
5.9,hdv_1_0,vehicle.audi.a2,passenger,-2_1,highway_route,101.06495594735776,9.061269149573219,29.727672629938443,79.3175801947262
5.9,hdv_1_1,vehicle.audi.a2,passenger,-2_1,highway_route,74.01641767698422,3.958989962945925,28.509654067930565,79.31758019472625
5.9,hdv_2_0,vehicle.audi.a2,passenger,-2_2,highway_route,117.00493021167412,16.117682633052187,32.17570674066431,79.31758019472619
5.9,hdv_3_0,vehicle.audi.a2,passenger,-2_3,highway_route,212.96541515497017,38.19034740111344,10.0,79.30877320983957
5.9,hdv_3_1,vehicle.audi.a2,passenger,-2_3,highway_route,103.05092055065519,17.451295901389113,27.769782007839787,79.31758019472622
5.95,cav_2_0,vehicle.audi.tt,passenger,-2_2,highway_route,149.522936996476,22.24837271630493,33.73831507922381,79.32638769036166
5.95,cav_2_1,vehicle.audi.tt,passenger,-2_2,highway_route,89.71315967784344,10.969521524712587,30.910330542696755,79.31758019472622
5.95,cav_3_0,aggressive_cav,passenger,-2_3,highway_route,136.96433861152178,23.847633266885634,28.0,79.32306658746062
5.95,hdv_0_0,vehicle.audi.a2,passenger,-2_0,highway_route,77.71876484855441,0.9377595256628595,27.958587687509304,79.324727394216
5.95,hdv_1_0,vehicle.audi.a2,passenger,-2_1,highway_route,102.53034424484059,9.337691488401166,29.827535594232593,79.31758019472616
5.95,hdv_1_1,vehicle.audi.a2,passenger,-2_1,highway_route,75.42019545838937,4.223790451797424,28.573472173334114,79.3175801947262
5.95,hdv_2_0,vehicle.audi.a2,passenger,-2_2,highway_route,118.59044442759244,16.416764827554445,32.26677222972386,79.31758019472628
5.95,hdv_3_0,vehicle.audi.a2,passenger,-2_3,highway_route,213.4568628665381,38.28312947464409,10.0,79.30877320983966
5.95,hdv_3_1,vehicle.audi.a2,passenger,-2_3,highway_route,104.41543213846546,17.708689443502323,27.764154323913473,79.31758019472616
6.0,cav_2_0,vehicle.audi.tt,passenger,-2_2,highway_route,151.18648016039262,22.56190902736467,33.85361384916467,79.32638769036167
6.0,cav_2_1,vehicle.audi.tt,passenger,-2_2,highway_route,91.23745452315362,11.257055652648365,31.02089788332756,79.31758019472623
6.0,cav_3_0,aggressive_cav,passenger,-2_3,highway_route,138.34047185203508,24.107082591211707,28.0,79.32306658746059
6.0,hdv_0_0,vehicle.audi.a2,passenger,-2_0,highway_route,79.0937266914587,1.196946728655803,27.991001762515104,79.324727394216
6.0,hdv_1_0,vehicle.audi.a2,passenger,-2_1,highway_route,104.00038274882667,9.614991015179816,29.92218914116847,79.31758019472625
6.0,hdv_1_1,vehicle.audi.a2,passenger,-2_1,highway_route,76.82711094803682,4.489182819710863,28.637339275618068,79.3175801947262
6.0,hdv_2_0,vehicle.audi.a2,passenger,-2_2,highway_route,120.18078214987091,16.71675690028606,32.36493532376014,79.31758019472616
6.0,hdv_3_0,vehicle.audi.a2,passenger,-2_3,highway_route,213.94831057810603,38.37591154817474,10.0,79.30877320983974
6.0,hdv_3_1,vehicle.audi.a2,passenger,-2_3,highway_route,105.78089836011195,17.966263062198767,27.783578564343628,79.3175801947262
6.05,cav_2_0,vehicle.audi.tt,passenger,-2_2,highway_route,152.8551124602863,22.876404513368193,33.957179327914474,79.32638769036166
6.05,cav_2_1,vehicle.audi.tt,passenger,-2_2,highway_route,92.76514473831975,11.545230263436629,31.089996996207045,79.3175801947262
6.05,cav_3_0,aggressive_cav,passenger,-2_3,highway_route,139.71660509254838,24.366531915537784,28.0,79.32306658746054
6.05,hdv_0_0,vehicle.audi.a2,passenger,-2_0,highway_route,80.4659691176476,1.4556213079596823,27.935640809433703,79.324727394216
6.05,hdv_1_0,vehicle.audi.a2,passenger,-2_1,highway_route,105.47365695443699,9.892900905922929,29.988050869104896,79.31758019472625
6.05,hdv_1_1,vehicle.audi.a2,passenger,-2_1,highway_route,78.23902984974755,4.755519002220768,28.73918221490363,79.3175801947262
6.05,hdv_2_0,vehicle.audi.a2,passenger,-2_2,highway_route,121.77623451158104,17.017713768899,32.46902326186886,79.31758019472619
6.05,hdv_3_0,vehicle.audi.a2,passenger,-2_3,highway_route,214.43975828967393,38.46869362170539,10.0,79.30877320983966
6.05,hdv_3_1,vehicle.audi.a2,passenger,-2_3,highway_route,107.14462499088461,18.223508534574698,27.748182551651226,79.31758019472626
6.1,cav_2_0,vehicle.audi.tt,passenger,-2_2,highway_route,154.5286823412057,23.19183060999483,34.05766061690053,79.32638769036166
6.1,cav_2_1,vehicle.audi.tt,passenger,-2_2,highway_route,94.29688748882025,11.834169320957018,31.17247007230704,79.3175801947262
6.1,cav_3_0,aggressive_cav,passenger,-2_3,highway_route,141.0927383330617,24.625981239863858,28.0,79.32306658746067
6.1,hdv_0_0,vehicle.audi.a2,passenger,-2_0,highway_route,81.83912984699494,1.7144689920143297,27.95433531027304,79.324727394216
6.1,hdv_1_0,vehicle.audi.a2,passenger,-2_1,highway_route,106.9510593821982,10.171589520519717,30.07207958242155,79.31758019472625
6.1,hdv_1_1,vehicle.audi.a2,passenger,-2_1,highway_route,79.6537050937682,5.022375125137744,28.795286728976347,79.31758019472625
6.1,hdv_2_0,vehicle.audi.a2,passenger,-2_2,highway_route,123.37552787270235,17.319395181335928,32.54719137407607,79.31758019472613
6.1,hdv_3_0,vehicle.audi.a2,passenger,-2_3,highway_route,214.93120600124183,38.56147569523604,10.0,79.30877320983966
6.1,hdv_3_1,vehicle.audi.a2,passenger,-2_3,highway_route,108.50960572106561,18.48099057298038,27.773700113995172,79.3175801947262
6.15,cav_2_0,vehicle.audi.tt,passenger,-2_2,highway_route,156.20696869182217,23.50814564328517,34.15364222250063,79.32638769036166
6.15,cav_2_1,vehicle.audi.tt,passenger,-2_2,highway_route,95.83208138615775,12.123759382775699,31.242704301557385,79.31758019472622
6.15,cav_3_0,aggressive_cav,passenger,-2_3,highway_route,142.46887157357497,24.885430564189928,28.0,79.32306658746059
6.15,hdv_0_0,vehicle.audi.a2,passenger,-2_0,highway_route,83.21192727918068,1.9732481927320376,27.94693943122186,79.324727394216
6.15,hdv_1_0,vehicle.audi.a2,passenger,-2_1,highway_route,108.43189225341874,10.450925234049862,30.14190522151182,79.31758019472613
6.15,hdv_1_1,vehicle.audi.a2,passenger,-2_1,highway_route,81.07376724074268,5.290247402145827,28.90493550935439,79.3175801947262
6.15,hdv_2_0,vehicle.audi.a2,passenger,-2_2,highway_route,124.98015286432866,17.62208232159017,32.6556952937448,79.31758019472625
6.15,hdv_3_0,vehicle.audi.a2,passenger,-2_3,highway_route,215.42265371280973,38.65425776876669,10.0,79.30877320983966
6.15,hdv_3_1,vehicle.audi.a2,passenger,-2_3,highway_route,109.87401581326071,18.738364969550133,27.762089160123068,79.31758019472626
6.2,cav_2_0,vehicle.audi.tt,passenger,-2_2,highway_route,157.89062659796392,23.825473080545887,34.262955025717375,79.32638769036166
6.2,cav_2_1,vehicle.audi.tt,passenger,-2_2,highway_route,97.37114960279652,12.414080273688933,31.32155050626781,79.31758019472619
6.2,cav_3_0,aggressive_cav,passenger,-2_3,highway_route,143.84500481408827,25.144879888516005,28.0,79.32306658746054
6.2,hdv_0_0,vehicle.audi.a2,passenger,-2_0,highway_route,84.58522549579763,2.232121793826521,27.957134228967067,79.32472739421604
6.2,hdv_1_0,vehicle.audi.a2,passenger,-2_1,highway_route,109.91615645034501,10.730908212935189,30.211748818460595,79.31758019472618
6.2,hdv_1_1,vehicle.audi.a2,passenger,-2_1,highway_route,82.49721698632459,5.558758696083197,28.973889054441802,79.31758019472619
6.2,hdv_2_0,vehicle.audi.a2,passenger,-2_2,highway_route,126.58853334111208,17.9254778747561,32.732123106854274,79.31758019472613
6.2,hdv_3_0,vehicle.audi.a2,passenger,-2_3,highway_route,215.91410142437766,38.74703984229734,10.0,79.30877320983966
6.2,hdv_3_1,vehicle.audi.a2,passenger,-2_3,highway_route,111.237655514373,18.99559404401974,27.746413766008754,79.31758019472622
6.25,cav_2_0,vehicle.audi.tt,passenger,-2_2,highway_route,159.57788259809817,24.14347866860048,34.33617734255152,79.32638769036166
6.25,cav_2_1,vehicle.audi.tt,passenger,-2_2,highway_route,98.913839360824,12.705084311139197,31.395252432076372,79.31758019472625
6.25,cav_3_0,aggressive_cav,passenger,-2_3,highway_route,145.22113805460157,25.40432921284208,28.0,79.32306658746059
6.25,hdv_0_0,vehicle.audi.a2,passenger,-2_0,highway_route,85.9604960652214,2.4913671933166937,27.997286711145595,79.324727394216
6.25,hdv_1_0,vehicle.audi.a2,passenger,-2_1,highway_route,111.40362215835123,11.011495106279245,30.276914608208436,79.3175801947262
6.25,hdv_1_1,vehicle.audi.a2,passenger,-2_1,highway_route,83.9260280293189,5.828281314031025,29.083016641767713,79.31758019472623
6.25,hdv_2_0,vehicle.audi.a2,passenger,-2_2,highway_route,128.20109207875475,18.22966159078707,32.817154820924635,79.31758019472625
6.25,hdv_3_0,vehicle.audi.a2,passenger,-2_3,highway_route,216.40554913594556,38.83982191582799,10.0,79.30877320983966
6.25,hdv_3_1,vehicle.audi.a2,passenger,-2_3,highway_route,112.6005964538985,19.25269130816137,27.732195840192276,79.31758019472623
6.3,cav_2_0,vehicle.audi.tt,passenger,-2_2,highway_route,161.2688011563379,24.4626207279326,34.412365721941455,79.32033083574682
6.3,cav_2_1,vehicle.audi.tt,passenger,-2_2,highway_route,100.4608475993764,12.996902961677975,31.4831377541233,79.31758019472619
6.3,cav_3_0,aggressive_cav,passenger,-2_3,highway_route,146.5972712951149,25.663778537168156,28.0,79.32306658746062
6.3,hdv_0_0,vehicle.audi.a2,passenger,-2_0,highway_route,87.33515859319415,2.7504979739439372,27.98490841176494,79.324727394216
6.3,hdv_1_0,vehicle.audi.a2,passenger,-2_1,highway_route,112.89432813252466,11.292693224616643,30.34286924603625,79.31758019472616
6.3,hdv_1_1,vehicle.audi.a2,passenger,-2_1,highway_route,85.35582880497962,6.097990629401602,29.10316235085209,79.3175801947262
6.3,hdv_2_0,vehicle.audi.a2,passenger,-2_2,highway_route,129.8200303891967,18.534867236677634,32.94621501720861,79.32032764042174
6.3,hdv_3_0,vehicle.audi.a2,passenger,-2_3,highway_route,216.8969968475135,38.93260398935864,10.0,79.30877320983966
6.3,hdv_3_1,vehicle.audi.a2,passenger,-2_3,highway_route,113.96490077633557,19.510045752938183,27.7599370289786,79.31758019472618
6.35,cav_2_0,vehicle.audi.tt,passenger,-2_2,highway_route,162.96389099548202,24.78274438226778,34.497977070275226,79.3116212134127
6.35,cav_2_1,vehicle.audi.tt,passenger,-2_2,highway_route,102.01111635733471,13.289336657663423,31.549492527839604,79.31758019472626
6.35,cav_3_0,aggressive_cav,passenger,-2_3,highway_route,147.97340453562816,25.923227861494226,28.0,79.32306658746057
6.35,hdv_0_0,vehicle.audi.a2,passenger,-2_0,highway_route,88.7099131228854,3.0096460973565193,27.986781351205597,79.32472739421603
6.35,hdv_1_0,vehicle.audi.a2,passenger,-2_1,highway_route,114.38992367468208,11.574813682664482,30.442394923518847,79.3175801947262
6.35,hdv_1_1,vehicle.audi.a2,passenger,-2_1,highway_route,86.79018697931771,6.3685596259935515,29.19592682256188,79.3175801947262
6.35,hdv_2_0,vehicle.audi.a2,passenger,-2_2,highway_route,131.44352637319412,18.84085565518335,33.038641449204896,79.32424021404286
6.35,hdv_3_0,vehicle.audi.a2,passenger,-2_3,highway_route,217.3884445590814,39.02538606288929,10.0,79.30877320983976
6.35,hdv_3_1,vehicle.audi.a2,passenger,-2_3,highway_route,115.33044911330549,19.76763486139239,27.78524939113089,79.31758019472622
6.4,cav_2_0,vehicle.audi.tt,passenger,-2_2,highway_route,164.66481744165287,25.10397030028667,34.61676200469374,79.30544688290884
6.4,cav_2_1,vehicle.audi.tt,passenger,-2_2,highway_route,103.56608945481824,13.582657752938493,31.6452304596902,79.3175801947262
6.4,cav_3_0,aggressive_cav,passenger,-2_3,highway_route,149.34953777614146,26.1826771858203,28.0,79.32306658746059
6.4,hdv_0_0,vehicle.audi.a2,passenger,-2_0,highway_route,90.08311024912224,3.2685006424073775,27.955076265670527,79.324727394216
6.4,hdv_1_0,vehicle.audi.a2,passenger,-2_1,highway_route,115.89142966934264,11.858049054150118,30.562700396627157,79.3175801947262
6.4,hdv_1_1,vehicle.audi.a2,passenger,-2_1,highway_route,88.22950649926705,6.640064502010739,29.296913511939305,79.31758019472616
6.4,hdv_2_0,vehicle.audi.a2,passenger,-2_2,highway_route,133.0716704072622,19.14772011496314,33.133230694412504,79.32638769036157
6.4,hdv_3_0,vehicle.audi.a2,passenger,-2_3,highway_route,217.8798922706493,39.11816813641994,10.0,79.30877320983966
6.4,hdv_3_1,vehicle.audi.a2,passenger,-2_3,highway_route,116.69368267961997,20.02478732495219,27.738150011194264,79.31758019472622
6.45,cav_2_0,vehicle.audi.tt,passenger,-2_2,highway_route,166.3699539959511,25.425991311974204,34.70244490496698,79.30544688290878
6.45,cav_2_1,vehicle.audi.tt,passenger,-2_2,highway_route,105.12667973736177,13.877038441383906,31.75954569514083,79.31758019472622
6.45,cav_3_0,aggressive_cav,passenger,-2_3,highway_route,150.72567101665476,26.442126510146377,28.0,79.32306658746054
6.45,hdv_0_0,vehicle.audi.a2,passenger,-2_0,highway_route,91.45802613040833,3.5276791814047845,27.990066091650103,79.32472739421603
6.45,hdv_1_0,vehicle.audi.a2,passenger,-2_1,highway_route,117.39681823245193,12.142016810801586,30.641728903133156,79.3175801947262
6.45,hdv_1_1,vehicle.audi.a2,passenger,-2_1,highway_route,89.67454925595536,6.912648976171143,29.413408264790153,79.31758019472618
6.45,hdv_2_0,vehicle.audi.a2,passenger,-2_2,highway_route,134.7058847359988,19.455728673578886,33.25676305360512,79.32638769036168
6.45,hdv_3_0,vehicle.audi.a2,passenger,-2_3,highway_route,218.37133998221722,39.21095020995059,10.0,79.30877320983974
6.45,hdv_3_1,vehicle.audi.a2,passenger,-2_3,highway_route,118.05882518260233,20.282299879239694,27.776991756999557,79.31758019472622
6.5,cav_2_0,vehicle.audi.tt,passenger,-2_2,highway_route,168.08145925444555,25.74921507575994,34.83205892674626,79.30544688290881
6.5,cav_2_1,vehicle.audi.tt,passenger,-2_2,highway_route,106.69238621720835,14.172384219578461,31.863665337464177,79.31758019472625
6.5,cav_3_0,aggressive_cav,passenger,-2_3,highway_route,152.10180425716808,26.70157583447245,28.0,79.32306658746059
6.5,hdv_0_0,vehicle.audi.a2,passenger,-2_0,highway_route,92.8328217833754,3.786835056761099,27.987618524754822,79.324727394216
6.5,hdv_1_0,vehicle.audi.a2,passenger,-2_1,highway_route,118.90711042482363,12.426909559601405,30.741540793685676,79.31758019472616
6.5,hdv_1_1,vehicle.audi.a2,passenger,-2_1,highway_route,91.12186433973274,7.185662088918068,29.459660795431898,79.3175801947262
6.5,hdv_2_0,vehicle.audi.a2,passenger,-2_2,highway_route,136.3441447904168,19.76449975037464,33.33909481266632,79.32638769036174
6.5,hdv_3_0,vehicle.audi.a2,passenger,-2_3,highway_route,218.86278769378512,39.30373228348124,10.0,79.30877320983966
6.5,hdv_3_1,vehicle.audi.a2,passenger,-2_3,highway_route,119.42251514211952,20.53953843416295,27.747436389870447,79.31758019472616
6.55,cav_2_0,vehicle.audi.tt,passenger,-2_2,highway_route,169.79742944291536,26.073282057212996,34.92292788740714,79.30544688290878
6.55,cav_2_1,vehicle.audi.tt,passenger,-2_2,highway_route,108.26369295522625,14.468786397953377,31.977636094097385,79.31758019472618
6.55,cav_3_0,aggressive_cav,passenger,-2_3,highway_route,153.47793749768135,26.96102515879852,28.0,79.32306658746057
6.55,hdv_0_0,vehicle.audi.a2,passenger,-2_0,highway_route,94.20581983989358,4.045652076171629,27.95102367259346,79.324727394216
6.55,hdv_1_0,vehicle.audi.a2,passenger,-2_1,highway_route,120.42076972682099,12.712437460407974,30.810077291746822,79.31758019472616
6.55,hdv_1_1,vehicle.audi.a2,passenger,-2_1,highway_route,92.57446192606379,7.459671662270869,29.567184537238987,79.3175801947262
6.55,hdv_2_0,vehicle.audi.a2,passenger,-2_2,highway_route,137.98799279688473,20.074324016477476,33.45281135156171,79.32638769036168
6.55,hdv_3_0,vehicle.audi.a2,passenger,-2_3,highway_route,219.35423540535302,39.39651435701189,10.0,79.30877320983966
6.55,hdv_3_1,vehicle.audi.a2,passenger,-2_3,highway_route,120.78640284897841,20.7968142909964,27.751460018369162,79.31758019472629
6.6,cav_2_0,vehicle.audi.tt,passenger,-2_2,highway_route,171.5194156957873,26.39848519350378,35.04536508631312,79.30544688290874
6.6,cav_2_1,vehicle.audi.tt,passenger,-2_2,highway_route,109.84027073819779,14.766182875639029,32.08490703826478,79.31758019472622
6.6,cav_3_0,aggressive_cav,passenger,-2_3,highway_route,154.85407073819465,27.220474483124597,28.0,79.32306658746054
6.6,hdv_0_0,vehicle.audi.a2,passenger,-2_0,highway_route,95.57843595420465,4.304397097560629,27.94324822409794,79.32472739421603
6.6,hdv_1_0,vehicle.audi.a2,passenger,-2_1,highway_route,121.93965829892127,12.998951780360034,30.916517503119504,79.31758019472616
6.6,hdv_1_1,vehicle.audi.a2,passenger,-2_1,highway_route,94.0325315770957,7.734713454132187,29.678566759219887,79.3175801947262
6.6,hdv_2_0,vehicle.audi.a2,passenger,-2_2,highway_route,139.63516738593117,20.384775260258277,33.52050832780779,79.32638769036168
6.6,hdv_3_0,vehicle.audi.a2,passenger,-2_3,highway_route,219.84568311692092,39.48929643054254,10.0,79.30877320983966
6.6,hdv_3_1,vehicle.audi.a2,passenger,-2_3,highway_route,122.15139568510446,21.054298612997258,27.77394643753633,79.31758019472629
6.65,cav_2_0,vehicle.audi.tt,passenger,-2_2,highway_route,173.24530141510297,26.72442475769301,35.12472589708168,79.30544688290878
6.65,cav_2_1,vehicle.audi.tt,passenger,-2_2,highway_route,111.4214832470293,15.064453621096742,32.17922826362482,79.31758019472618
6.65,cav_3_0,aggressive_cav,passenger,-2_3,highway_route,156.23020397870795,27.47992380745067,28.0,79.32306658746054
6.65,hdv_0_0,vehicle.audi.a2,passenger,-2_0,highway_route,96.9523850579236,4.563393394138121,27.97038476541888,79.32472739421604
6.65,hdv_1_0,vehicle.audi.a2,passenger,-2_1,highway_route,123.4632304659348,13.286349586458574,31.011850661042807,79.31758019472622
6.65,hdv_1_1,vehicle.audi.a2,passenger,-2_1,highway_route,95.49433370437464,8.010459318638008,29.754540184355786,79.31758019472618
6.65,hdv_2_0,vehicle.audi.a2,passenger,-2_2,highway_route,141.28605500592633,20.69592631757669,33.596069646969,79.32638769036168
6.65,hdv_3_0,vehicle.audi.a2,passenger,-2_3,highway_route,220.33713082848885,39.58207850407319,10.0,79.30877320983966
6.65,hdv_3_1,vehicle.audi.a2,passenger,-2_3,highway_route,123.51655938156281,21.311815165099006,27.777422987443998,79.31758019472622
6.7,cav_2_0,vehicle.audi.tt,passenger,-2_2,highway_route,174.9772925174928,27.051517344864088,35.2489808837115,79.30544688290878
6.7,cav_2_1,vehicle.audi.tt,passenger,-2_2,highway_route,113.00885390797909,15.363886004609235,32.30455271026876,79.31758019472622
6.7,cav_3_0,aggressive_cav,passenger,-2_3,highway_route,157.60633721922127,27.739373131776745,28.0,79.32306658746059
6.7,hdv_0_0,vehicle.audi.a2,passenger,-2_0,highway_route,98.32645734165185,4.822412910765129,27.97289242181362,79.324727394216
6.7,hdv_1_0,vehicle.audi.a2,passenger,-2_1,highway_route,124.9915011851763,13.574633700164588,31.10748827058469,79.31758019472616
6.7,hdv_1_1,vehicle.audi.a2,passenger,-2_1,highway_route,96.96025849293424,8.286982858027235,29.838455707840456,79.3175801947262
6.7,hdv_2_0,vehicle.audi.a2,passenger,-2_2,highway_route,142.94092902210843,21.007828710948168,33.67719403261206,79.32638769036163
6.7,hdv_3_0,vehicle.audi.a2,passenger,-2_3,highway_route,220.82857854005678,39.67486057760384,10.0,79.30877320983974
6.7,hdv_3_1,vehicle.audi.a2,passenger,-2_3,highway_route,124.88158214712877,21.5693051328156,27.774555421435995,79.31758019472616
6.75,cav_2_0,vehicle.audi.tt,passenger,-2_2,highway_route,176.7134712080551,27.379400772731422,35.33420546439013,79.30544688290881
6.75,cav_2_1,vehicle.audi.tt,passenger,-2_2,highway_route,114.60051230162394,15.664127201118173,32.39181228376518,79.31758019472622
6.75,cav_3_0,aggressive_cav,passenger,-2_3,highway_route,158.98247045973454,27.998822456102815,28.0,79.32306658746057
6.75,hdv_0_0,vehicle.audi.a2,passenger,-2_0,highway_route,99.69881179617909,5.081108607972622,27.93792144393449,79.324727394216
6.75,hdv_1_0,vehicle.audi.a2,passenger,-2_1,highway_route,126.52585176384085,13.864064683246006,31.231241970310183,79.31758019472625
6.75,hdv_1_1,vehicle.audi.a2,passenger,-2_1,highway_route,98.43204327708207,8.564611792954834,29.95773414570589,79.31758019472619
6.75,hdv_2_0,vehicle.audi.a2,passenger,-2_2,highway_route,144.59921588262657,21.320374340183037,33.74664646209105,79.32638769036168
6.75,hdv_3_0,vehicle.audi.a2,passenger,-2_3,highway_route,221.32002625162468,39.767642651134494,10.0,79.30877320983954
6.75,hdv_3_1,vehicle.audi.a2,passenger,-2_3,highway_route,126.24608075948495,21.8266962273145,27.76389030819353,79.3175801947261
6.8,cav_2_0,vehicle.audi.tt,passenger,-2_2,highway_route,178.4543341107872,27.708168830476687,35.429537192711166,79.30544688290884
6.8,cav_2_1,vehicle.audi.tt,passenger,-2_2,highway_route,116.19706217337928,15.965291097652731,32.4913586697093,79.31758019472622
6.8,cav_3_0,aggressive_cav,passenger,-2_3,highway_route,160.3585567018157,28.258520892765585,28.0,79.31956521872358
6.8,hdv_0_0,vehicle.audi.a2,passenger,-2_0,highway_route,101.07206553716561,5.339973825187722,27.956228809332412,79.324727394216
6.8,hdv_1_0,vehicle.audi.a2,passenger,-2_1,highway_route,128.0663778179266,14.154660572149481,31.35694190476086,79.31758019472619
6.8,hdv_1_1,vehicle.audi.a2,passenger,-2_1,highway_route,99.90852019660355,8.843125825051771,30.053241142118182,79.31758019472616
6.8,hdv_2_0,vehicle.audi.a2,passenger,-2_2,highway_route,146.26374012366253,21.634095559760656,33.873579069590235,79.32638769036168
6.8,hdv_3_0,vehicle.audi.a2,passenger,-2_3,highway_route,221.81147396319258,39.86042472466514,10.0,79.30877320983974
6.8,hdv_3_1,vehicle.audi.a2,passenger,-2_3,highway_route,127.61170072009001,22.084298846435317,27.786706740175674,79.3175801947262
6.85,cav_2_0,vehicle.audi.tt,passenger,-2_2,highway_route,180.1994284127711,28.037736002794034,35.515653403778586,79.30544688290884
6.85,cav_2_1,vehicle.audi.tt,passenger,-2_2,highway_route,117.79861980901947,16.2673996296861,32.59327158542525,79.31758019472618
6.85,cav_3_0,aggressive_cav,passenger,-2_3,highway_route,161.73462517579077,28.51831350819609,28.0,79.3147401315104
6.85,hdv_0_0,vehicle.audi.a2,passenger,-2_0,highway_route,102.44447510581259,5.598679911683188,27.939043438286923,79.324727394216
6.85,hdv_1_0,vehicle.audi.a2,passenger,-2_1,highway_route,129.61180502841026,14.446223051543722,31.456843031367715,79.31694323893599
6.85,hdv_1_1,vehicle.audi.a2,passenger,-2_1,highway_route,101.39004461641667,9.122591988292546,30.15598148395756,79.3175801947262
6.85,hdv_2_0,vehicle.audi.a2,passenger,-2_2,highway_route,147.93338639941106,21.948782154871488,33.97781404770216,79.32638769036163
6.85,hdv_3_0,vehicle.audi.a2,passenger,-2_3,highway_route,222.30290947609825,39.953251028281,10.0,79.30806886419421
6.85,hdv_3_1,vehicle.audi.a2,passenger,-2_3,highway_route,128.97839946670027,22.342003975887437,27.808195494731955,79.31910878803177
6.9,cav_2_0,vehicle.audi.tt,passenger,-2_2,highway_route,181.9480469722688,28.367968743488976,35.58737807116241,79.30544688290884
6.9,cav_2_1,vehicle.audi.tt,passenger,-2_2,highway_route,119.40338772809281,16.570113730943966,32.65860400773295,79.31758019472618
6.9,cav_3_0,aggressive_cav,passenger,-2_3,highway_route,163.11069364976584,28.778106123626596,28.0,79.30991504431435
6.9,hdv_0_0,vehicle.audi.a2,passenger,-2_0,highway_route,103.81785304910977,5.857568541656736,27.958757277387363,79.324727394216
6.9,hdv_1_0,vehicle.audi.a2,passenger,-2_1,highway_route,131.16310644872567,14.739191759265708,31.577400058464807,79.31179160945389
6.9,hdv_1_1,vehicle.audi.a2,passenger,-2_1,highway_route,102.87621708641086,9.402934932727934,30.250591139608126,79.31758019472622
6.9,hdv_2_0,vehicle.audi.a2,passenger,-2_2,highway_route,149.60762595016197,22.264334467524957,34.07128860346278,79.32638769036168
6.9,hdv_3_0,vehicle.audi.a2,passenger,-2_3,highway_route,222.7943084167342,40.04620993615927,10.0,79.30525283671417
6.9,hdv_3_1,vehicle.audi.a2,passenger,-2_3,highway_route,130.3432833229181,22.599332397187105,27.771110274063425,79.32115744050483
6.95,cav_2_0,vehicle.audi.tt,passenger,-2_2,highway_route,183.70259282102,28.69932087352384,35.708008543975915,79.30544688290884
6.95,cav_2_1,vehicle.audi.tt,passenger,-2_2,highway_route,121.01135453588796,16.87343125199415,32.72370453646931,79.31758019472618
6.95,cav_3_0,aggressive_cav,passenger,-2_3,highway_route,164.48676212374087,29.037898739057095,28.0,79.30877320983961
6.95,hdv_0_0,vehicle.audi.a2,passenger,-2_0,highway_route,105.19282318836756,6.116757308553923,27.9911706568349,79.324727394216
6.95,hdv_1_0,vehicle.audi.a2,passenger,-2_1,highway_route,132.72008260696717,15.033232161124694,31.692911761975807,79.30662115361565
6.95,hdv_1_1,vehicle.audi.a2,passenger,-2_1,highway_route,104.36751402004083,9.68424452622547,30.354898047040745,79.31758019472616
6.95,hdv_2_0,vehicle.audi.a2,passenger,-2_2,highway_route,151.2854599243914,22.580564239172144,34.14443622421012,79.32638769036168
6.95,hdv_3_0,vehicle.audi.a2,passenger,-2_3,highway_route,223.28570735737014,40.139168844037535,10.0,79.30243678635894
6.95,hdv_3_1,vehicle.audi.a2,passenger,-2_3,highway_route,131.71004311604446,22.857014498311564,27.809279712815872,79.32306658746063
7.0,cav_2_0,vehicle.audi.tt,passenger,-2_2,highway_route,185.4604784882299,29.03130373997463,35.77597956117362,79.30544688290878
7.0,cav_2_1,vehicle.audi.tt,passenger,-2_2,highway_route,122.62473947651029,17.177770818157384,32.83396886339238,79.31758019472618
7.0,cav_3_0,aggressive_cav,passenger,-2_3,highway_route,165.86283059771594,29.2976913544876,28.0,79.30877320983964
7.0,hdv_0_0,vehicle.audi.a2,passenger,-2_0,highway_route,106.5671212497277,6.375819385396848,27.9774887254312,79.324727394216
7.0,hdv_1_0,vehicle.audi.a2,passenger,-2_1,highway_route,134.2819989677906,15.328205537547717,31.793471686214865,79.30544688290881
7.0,hdv_1_1,vehicle.audi.a2,passenger,-2_1,highway_route,105.86353881567051,9.966445956155614,30.451132248120675,79.3175801947262
7.0,hdv_2_0,vehicle.audi.a2,passenger,-2_2,highway_route,152.96777099901897,22.897637832352505,34.23554659112477,79.32638769036171
7.0,hdv_3_0,vehicle.audi.a2,passenger,-2_3,highway_route,223.77710629800606,40.2321277519158,10.0,79.29962071314162
7.0,hdv_3_1,vehicle.audi.a2,passenger,-2_3,highway_route,133.07533137522103,23.11441916373594,27.77933860727467,79.32306658746054
7.05,cav_2_0,vehicle.audi.tt,passenger,-2_2,highway_route,187.22257771250304,29.364082351437673,35.861732653188554,79.30544688290884
7.05,cav_2_1,vehicle.audi.tt,passenger,-2_2,highway_route,124.24256485309371,17.48294800237441,32.92433609839938,79.31758019472622
7.05,cav_3_0,aggressive_cav,passenger,-2_3,highway_route,167.238899071691,29.557483969918103,28.0,79.30877320983964
7.05,hdv_0_0,vehicle.audi.a2,passenger,-2_0,highway_route,107.94177049556347,6.6349476622746595,27.9846380185745,79.32472739421604
7.05,hdv_1_0,vehicle.audi.a2,passenger,-2_1,highway_route,135.84732647107654,15.62382312017465,31.862906941533975,79.30544688290881
7.05,hdv_1_1,vehicle.audi.a2,passenger,-2_1,highway_route,107.3654746746056,10.249762414741744,30.571450153924353,79.31758019472622
7.05,hdv_2_0,vehicle.audi.a2,passenger,-2_2,highway_route,154.65598838347864,23.21582461732548,34.355741808577484,79.32638769036174
7.05,hdv_3_0,vehicle.audi.a2,passenger,-2_3,highway_route,224.268505238642,40.32508665979406,10.0,79.29680461707561
7.05,hdv_3_1,vehicle.audi.a2,passenger,-2_3,highway_route,134.44247652649588,23.3721739183712,27.81712054380562,79.32306658746054
